Company Name,Website URL,Phone Number,Address,Category,Description
Cheep Cheep Postcards - Direct Mail Advertising,,,,Marketing Programs & ServicesInternet Marketing & Advertising,
Beattie Cole Digital Marketing Agency,,(213) 935-8532,1428 Echo Park Ave,Advertising AgenciesGraphic DesignersMarketing Consultants,"From Business: We are Beattie cole, a digital marketing agency based in LOS Angeles. We partner with businesses in order to optimize success. Some MAY refer to US AS a digital…"
"Americaneagle.com, Inc.",https://www.americaneagle.com/locations/los-angeles?utm_source=google&utm_medium=organic&utm_campaign=gbl,(310) 295-3207,1800 Century Park E Ste 600,Marketing Programs & ServicesPublic Relations CounselorsAdvertising Agencies,"From Business: Our Los Angeles office contributes toward client success within our global digital agency, providing best-in-class web design, development, hosting, post-launch…"
Nitro Plug Digital Marketing,https://www.nitroplug.com,(888) 983-1230,811 Wilshire Blvd,Marketing Programs & ServicesAdvertising AgenciesAdvertising Specialties,
Digital Marketing Agency,http://sarasota-marketing.com,(956) 250-9410,3775 S Vermont Ave,Marketing Programs & Services,
Comrade Digital Marketing Agency Los Angeles,https://comradeweb.com/digital-marketing-agency-la,(323) 760-7747,1735 N Normandie Ave,"Advertising AgenciesProduct Design, Development & Marketing",
New York Digital Marketing Agency,http://newyorkdigitalmarketingagency.net,(516) 614-3607,4624 W Washington Blvd,Marketing Consultants,
Mera Group Digital Marketing & Creative Agency,,(818) 582-8709,PO Box 411913,Marketing Consultants,
Promotion La Digital Marketing Agency,,(310) 405-7598,10401 Santa Monica Blvd,Marketing Consultants,
Bullfrog Digital Marketing Agency & SEO Company,https://bullfrogagency.com,(323) 920-0350,11306 Moorpark St.,Internet Marketing & Advertising,"From Business: We help business owners reach more customers, achieve greater visibility online, and make more sales through our proven SEO services and digital marketing…"
#Smart Marketing,http://www.hashtag-smart.com,(323) 716-2021,555 W 5th St 35th Fl,Marketing Programs & ServicesMarketing ConsultantsAdvertising Agencies,"From Business: Our mission is to be the most ethical, transparent, and smartest marketing company there is. We make moments for marketing to happen, for information to happen,…"
Thrive Internet Marketing Agency,https://thriveagency.com/los-angeles-digital-marketing,(323) 431-9662,515 S Flower St 36th Fl,Marketing Programs & ServicesPublic Relations CounselorsMarketing Consultants,From Business: A full-service digital marketing agency that provides custom web development and online marketing to businesses that are looking to increase brand exposure or to…
Nine Eye Interactive Media,,(213) 673-1459,4470 W Sunset Blvd Ste 569,Marketing Programs & ServicesInternet Service Providers (ISP)Advertising Agencies,Our local business needed a an SEO. We really wanted to find the best in Los Angeles. I was referred to Nine Eye Interactive Media an SEO Company in Los Angeles. I thought…
Attorney Marketing Network,http://www.attorneymarketingnetwork.com,(877) 899-8480,555 W 5th St,Marketing Programs & ServicesAdvertising AgenciesMarketing Consultants,"From Business: At the Attorney Marketing Network, we provide solutions to your firm's personal marketing challenges."
Directive,https://directiveconsulting.com/locations/los-angeles,(213) 271-1517,555 W 5th St Ste 306,Marketing Programs & ServicesPublic Relations CounselorsMarketing Consultants,
Ideal Brand Marketing,http://www.idealbrandmarketing.com,(213) 627-8363,550 S Hill St,Marketing Programs & ServicesGraphic DesignersMarketing Consultants,
Web Design & Seo Marketing Agency Astash,,(213) 933-4024,445 S Figueroa St,Web Site Design & Services,
City View Marketing,http://www.cityviewmarketing.com,(323) 317-1628,752 S Main St,Marketing Programs & ServicesAdvertising Agencies,"From Business: The mission of CITY VIEW is to provide result-oriented advertising. We help our clients obtain measurable goals, which may include sales or awareness, but are…"
C W Talyor Marketing,https://cwtaylormarketing.com,(213) 568-3650,1333 Allesandro St,Marketing Programs & ServicesAdvertising AgenciesMarketing Consultants,
Vision film and television production,,(888) 839-5150,2404 Wilshire Blvd,Marketing Programs & ServicesPublicity ServiceCommercials-Radio & Television,
Agency Iviju,https://www.iviju.com,(323) 672-7659,999 N New Hampshire Ave,"Marketing Programs & ServicesProduct Design, Development & MarketingPublic Relations Counselors",From Business: Iviju provides complete web design services for clients. Software and e-commerce for your operations. Design and marketing for your growth. We building custom…
X Factor Direct Maketing,,(877) 388-0007,3171 Los Feliz Blvd,Marketing Programs & ServicesAdvertising AgenciesMarketing Consultants,
Markaryan Marketing-Advrtsmnt,,(323) 356-4444,5643 Carlton Way,Marketing Programs & ServicesAdvertising Agencies,
Goldfien Marketing Agency,,(323) 400-2576,2107 N Beachwood Dr Apt 207,Marketing Consultants,
Affinity Models and Talent Agency,http://www.affinitytalent.com,(323) 525-0577,5455 Wilshire Blvd Ste 1010,Marketing Programs & ServicesModeling AgenciesTalent Agencies,"From Business: AFFINITY Model and Talent Agency is a Los Angeles-based national and international Model & Talent company representing men, women, and children who appear in…"
Blanche Agency,https://blancheagency.com,(323) 931-1555,425 N Alta Vista Blvd,Marketing Programs & ServicesMarketing Consultants,
Molex Media,http://www.molexmedia.com,(818) 859-2314,7610 Beverly Blvd Unit 480061,Marketing Programs & ServicesAdvertising AgenciesGraphic Designers,
Imedia Marketing,,(310) 749-7491,6333 W 3rd St,Marketing Programs & ServicesAdvertising Agencies,
Verbatim Marketing Agency,http://www.verbatimagency.com,(323) 688-5507,6160 Orange St Apt 8,Advertising AgenciesInternet Marketing & AdvertisingWeb Site Design & Services,
Caro Marketing,,(323) 781-2276,7720 W Sunset Blvd,Marketing Programs & ServicesAdvertising AgenciesMarketing Consultants,
CXC | Marketing Agency,http://www.cxcma.com,(310) 776-6666,3213 De Witt Drive Suite B,Marketing Programs & ServicesMarketing ConsultantsAdvertising Specialties,
Cheep Cheep Postcards - Direct Mail Advertising,,,,Marketing Programs & ServicesInternet Marketing & Advertising,
Beattie Cole Digital Marketing Agency,,(213) 935-8532,1428 Echo Park Ave,Advertising AgenciesGraphic DesignersMarketing Consultants,"From Business: We are Beattie cole, a digital marketing agency based in LOS Angeles. We partner with businesses in order to optimize success. Some MAY refer to US AS a digital…"
"Americaneagle.com, Inc.",https://www.americaneagle.com/locations/los-angeles?utm_source=google&utm_medium=organic&utm_campaign=gbl,(310) 295-3207,1800 Century Park E Ste 600,Marketing Programs & ServicesPublic Relations CounselorsAdvertising Agencies,"From Business: Our Los Angeles office contributes toward client success within our global digital agency, providing best-in-class web design, development, hosting, post-launch…"
Nitro Plug Digital Marketing,https://www.nitroplug.com,(888) 983-1230,811 Wilshire Blvd,Marketing Programs & ServicesAdvertising AgenciesAdvertising Specialties,
Digital Marketing Agency,http://sarasota-marketing.com,(956) 250-9410,3775 S Vermont Ave,Marketing Programs & Services,
Comrade Digital Marketing Agency Los Angeles,https://comradeweb.com/digital-marketing-agency-la,(323) 760-7747,1735 N Normandie Ave,"Advertising AgenciesProduct Design, Development & Marketing",
New York Digital Marketing Agency,http://newyorkdigitalmarketingagency.net,(516) 614-3607,4624 W Washington Blvd,Marketing Consultants,
Mera Group Digital Marketing & Creative Agency,,(818) 582-8709,PO Box 411913,Marketing Consultants,
Promotion La Digital Marketing Agency,,(310) 405-7598,10401 Santa Monica Blvd,Marketing Consultants,
Bullfrog Digital Marketing Agency & SEO Company,https://bullfrogagency.com,(323) 920-0350,11306 Moorpark St.,Internet Marketing & Advertising,"From Business: We help business owners reach more customers, achieve greater visibility online, and make more sales through our proven SEO services and digital marketing…"
#Smart Marketing,http://www.hashtag-smart.com,(323) 716-2021,555 W 5th St 35th Fl,Marketing Programs & ServicesMarketing ConsultantsAdvertising Agencies,"From Business: Our mission is to be the most ethical, transparent, and smartest marketing company there is. We make moments for marketing to happen, for information to happen,…"
Thrive Internet Marketing Agency,https://thriveagency.com/los-angeles-digital-marketing,(323) 431-9662,515 S Flower St 36th Fl,Marketing Programs & ServicesPublic Relations CounselorsMarketing Consultants,From Business: A full-service digital marketing agency that provides custom web development and online marketing to businesses that are looking to increase brand exposure or to…
Nine Eye Interactive Media,,(213) 673-1459,4470 W Sunset Blvd Ste 569,Marketing Programs & ServicesInternet Service Providers (ISP)Advertising Agencies,Our local business needed a an SEO. We really wanted to find the best in Los Angeles. I was referred to Nine Eye Interactive Media an SEO Company in Los Angeles. I thought…
Attorney Marketing Network,http://www.attorneymarketingnetwork.com,(877) 899-8480,555 W 5th St,Marketing Programs & ServicesAdvertising AgenciesMarketing Consultants,"From Business: At the Attorney Marketing Network, we provide solutions to your firm's personal marketing challenges."
Directive,https://directiveconsulting.com/locations/los-angeles,(213) 271-1517,555 W 5th St Ste 306,Marketing Programs & ServicesPublic Relations CounselorsMarketing Consultants,
Ideal Brand Marketing,http://www.idealbrandmarketing.com,(213) 627-8363,550 S Hill St,Marketing Programs & ServicesGraphic DesignersMarketing Consultants,
Web Design & Seo Marketing Agency Astash,,(213) 933-4024,445 S Figueroa St,Web Site Design & Services,
City View Marketing,http://www.cityviewmarketing.com,(323) 317-1628,752 S Main St,Marketing Programs & ServicesAdvertising Agencies,"From Business: The mission of CITY VIEW is to provide result-oriented advertising. We help our clients obtain measurable goals, which may include sales or awareness, but are…"
C W Talyor Marketing,https://cwtaylormarketing.com,(213) 568-3650,1333 Allesandro St,Marketing Programs & ServicesAdvertising AgenciesMarketing Consultants,
Vision film and television production,,(888) 839-5150,2404 Wilshire Blvd,Marketing Programs & ServicesPublicity ServiceCommercials-Radio & Television,
Agency Iviju,https://www.iviju.com,(323) 672-7659,999 N New Hampshire Ave,"Marketing Programs & ServicesProduct Design, Development & MarketingPublic Relations Counselors",From Business: Iviju provides complete web design services for clients. Software and e-commerce for your operations. Design and marketing for your growth. We building custom…
X Factor Direct Maketing,,(877) 388-0007,3171 Los Feliz Blvd,Marketing Programs & ServicesAdvertising AgenciesMarketing Consultants,
Markaryan Marketing-Advrtsmnt,,(323) 356-4444,5643 Carlton Way,Marketing Programs & ServicesAdvertising Agencies,
Goldfien Marketing Agency,,(323) 400-2576,2107 N Beachwood Dr Apt 207,Marketing Consultants,
Affinity Models and Talent Agency,http://www.affinitytalent.com,(323) 525-0577,5455 Wilshire Blvd Ste 1010,Marketing Programs & ServicesModeling AgenciesTalent Agencies,"From Business: AFFINITY Model and Talent Agency is a Los Angeles-based national and international Model & Talent company representing men, women, and children who appear in…"
Blanche Agency,https://blancheagency.com,(323) 931-1555,425 N Alta Vista Blvd,Marketing Programs & ServicesMarketing Consultants,
Molex Media,http://www.molexmedia.com,(818) 859-2314,7610 Beverly Blvd Unit 480061,Marketing Programs & ServicesAdvertising AgenciesGraphic Designers,
Imedia Marketing,,(310) 749-7491,6333 W 3rd St,Marketing Programs & ServicesAdvertising Agencies,
Verbatim Marketing Agency,http://www.verbatimagency.com,(323) 688-5507,6160 Orange St Apt 8,Advertising AgenciesInternet Marketing & AdvertisingWeb Site Design & Services,
Caro Marketing,,(323) 781-2276,7720 W Sunset Blvd,Marketing Programs & ServicesAdvertising AgenciesMarketing Consultants,
CXC | Marketing Agency,http://www.cxcma.com,(310) 776-6666,3213 De Witt Drive Suite B,Marketing Programs & ServicesMarketing ConsultantsAdvertising Specialties,
Cheep Cheep Postcards - Direct Mail Advertising,,,,Marketing Programs & ServicesInternet Marketing & Advertising,
Beattie Cole Digital Marketing Agency,,(213) 935-8532,1428 Echo Park Ave,Advertising AgenciesGraphic DesignersMarketing Consultants,"From Business: We are Beattie cole, a digital marketing agency based in LOS Angeles. We partner with businesses in order to optimize success. Some MAY refer to US AS a digital…"
"Americaneagle.com, Inc.",https://www.americaneagle.com/locations/los-angeles?utm_source=google&utm_medium=organic&utm_campaign=gbl,(310) 295-3207,1800 Century Park E Ste 600,Marketing Programs & ServicesPublic Relations CounselorsAdvertising Agencies,"From Business: Our Los Angeles office contributes toward client success within our global digital agency, providing best-in-class web design, development, hosting, post-launch…"
Nitro Plug Digital Marketing,https://www.nitroplug.com,(888) 983-1230,811 Wilshire Blvd,Marketing Programs & ServicesAdvertising AgenciesAdvertising Specialties,
Digital Marketing Agency,http://sarasota-marketing.com,(956) 250-9410,3775 S Vermont Ave,Marketing Programs & Services,
Comrade Digital Marketing Agency Los Angeles,https://comradeweb.com/digital-marketing-agency-la,(323) 760-7747,1735 N Normandie Ave,"Advertising AgenciesProduct Design, Development & Marketing",
New York Digital Marketing Agency,http://newyorkdigitalmarketingagency.net,(516) 614-3607,4624 W Washington Blvd,Marketing Consultants,
Mera Group Digital Marketing & Creative Agency,,(818) 582-8709,PO Box 411913,Marketing Consultants,
Promotion La Digital Marketing Agency,,(310) 405-7598,10401 Santa Monica Blvd,Marketing Consultants,
Bullfrog Digital Marketing Agency & SEO Company,https://bullfrogagency.com,(323) 920-0350,11306 Moorpark St.,Internet Marketing & Advertising,"From Business: We help business owners reach more customers, achieve greater visibility online, and make more sales through our proven SEO services and digital marketing…"
#Smart Marketing,http://www.hashtag-smart.com,(323) 716-2021,555 W 5th St 35th Fl,Marketing Programs & ServicesMarketing ConsultantsAdvertising Agencies,"From Business: Our mission is to be the most ethical, transparent, and smartest marketing company there is. We make moments for marketing to happen, for information to happen,…"
Thrive Internet Marketing Agency,https://thriveagency.com/los-angeles-digital-marketing,(323) 431-9662,515 S Flower St 36th Fl,Marketing Programs & ServicesPublic Relations CounselorsMarketing Consultants,From Business: A full-service digital marketing agency that provides custom web development and online marketing to businesses that are looking to increase brand exposure or to…
Nine Eye Interactive Media,,(213) 673-1459,4470 W Sunset Blvd Ste 569,Marketing Programs & ServicesInternet Service Providers (ISP)Advertising Agencies,Our local business needed a an SEO. We really wanted to find the best in Los Angeles. I was referred to Nine Eye Interactive Media an SEO Company in Los Angeles. I thought…
Attorney Marketing Network,http://www.attorneymarketingnetwork.com,(877) 899-8480,555 W 5th St,Marketing Programs & ServicesAdvertising AgenciesMarketing Consultants,"From Business: At the Attorney Marketing Network, we provide solutions to your firm's personal marketing challenges."
Directive,https://directiveconsulting.com/locations/los-angeles,(213) 271-1517,555 W 5th St Ste 306,Marketing Programs & ServicesPublic Relations CounselorsMarketing Consultants,
Ideal Brand Marketing,http://www.idealbrandmarketing.com,(213) 627-8363,550 S Hill St,Marketing Programs & ServicesGraphic DesignersMarketing Consultants,
Web Design & Seo Marketing Agency Astash,,(213) 933-4024,445 S Figueroa St,Web Site Design & Services,
City View Marketing,http://www.cityviewmarketing.com,(323) 317-1628,752 S Main St,Marketing Programs & ServicesAdvertising Agencies,"From Business: The mission of CITY VIEW is to provide result-oriented advertising. We help our clients obtain measurable goals, which may include sales or awareness, but are…"
C W Talyor Marketing,https://cwtaylormarketing.com,(213) 568-3650,1333 Allesandro St,Marketing Programs & ServicesAdvertising AgenciesMarketing Consultants,
Vision film and television production,,(888) 839-5150,2404 Wilshire Blvd,Marketing Programs & ServicesPublicity ServiceCommercials-Radio & Television,
Agency Iviju,https://www.iviju.com,(323) 672-7659,999 N New Hampshire Ave,"Marketing Programs & ServicesProduct Design, Development & MarketingPublic Relations Counselors",From Business: Iviju provides complete web design services for clients. Software and e-commerce for your operations. Design and marketing for your growth. We building custom…
X Factor Direct Maketing,,(877) 388-0007,3171 Los Feliz Blvd,Marketing Programs & ServicesAdvertising AgenciesMarketing Consultants,
Markaryan Marketing-Advrtsmnt,,(323) 356-4444,5643 Carlton Way,Marketing Programs & ServicesAdvertising Agencies,
Goldfien Marketing Agency,,(323) 400-2576,2107 N Beachwood Dr Apt 207,Marketing Consultants,
Affinity Models and Talent Agency,http://www.affinitytalent.com,(323) 525-0577,5455 Wilshire Blvd Ste 1010,Marketing Programs & ServicesModeling AgenciesTalent Agencies,"From Business: AFFINITY Model and Talent Agency is a Los Angeles-based national and international Model & Talent company representing men, women, and children who appear in…"
Blanche Agency,https://blancheagency.com,(323) 931-1555,425 N Alta Vista Blvd,Marketing Programs & ServicesMarketing Consultants,
Molex Media,http://www.molexmedia.com,(818) 859-2314,7610 Beverly Blvd Unit 480061,Marketing Programs & ServicesAdvertising AgenciesGraphic Designers,
Imedia Marketing,,(310) 749-7491,6333 W 3rd St,Marketing Programs & ServicesAdvertising Agencies,
Verbatim Marketing Agency,http://www.verbatimagency.com,(323) 688-5507,6160 Orange St Apt 8,Advertising AgenciesInternet Marketing & AdvertisingWeb Site Design & Services,
Caro Marketing,,(323) 781-2276,7720 W Sunset Blvd,Marketing Programs & ServicesAdvertising AgenciesMarketing Consultants,
CXC | Marketing Agency,http://www.cxcma.com,(310) 776-6666,3213 De Witt Drive Suite B,Marketing Programs & ServicesMarketing ConsultantsAdvertising Specialties,
Cheep Cheep Postcards - Direct Mail Advertising,,,,Marketing Programs & ServicesInternet Marketing & Advertising,
Beattie Cole Digital Marketing Agency,,(213) 935-8532,1428 Echo Park Ave,Advertising AgenciesGraphic DesignersMarketing Consultants,"From Business: We are Beattie cole, a digital marketing agency based in LOS Angeles. We partner with businesses in order to optimize success. Some MAY refer to US AS a digital…"
"Americaneagle.com, Inc.",https://www.americaneagle.com/locations/los-angeles?utm_source=google&utm_medium=organic&utm_campaign=gbl,(310) 295-3207,1800 Century Park E Ste 600,Marketing Programs & ServicesPublic Relations CounselorsAdvertising Agencies,"From Business: Our Los Angeles office contributes toward client success within our global digital agency, providing best-in-class web design, development, hosting, post-launch…"
Nitro Plug Digital Marketing,https://www.nitroplug.com,(888) 983-1230,811 Wilshire Blvd,Marketing Programs & ServicesAdvertising AgenciesAdvertising Specialties,
Digital Marketing Agency,http://sarasota-marketing.com,(956) 250-9410,3775 S Vermont Ave,Marketing Programs & Services,
Comrade Digital Marketing Agency Los Angeles,https://comradeweb.com/digital-marketing-agency-la,(323) 760-7747,1735 N Normandie Ave,"Advertising AgenciesProduct Design, Development & Marketing",
New York Digital Marketing Agency,http://newyorkdigitalmarketingagency.net,(516) 614-3607,4624 W Washington Blvd,Marketing Consultants,
Mera Group Digital Marketing & Creative Agency,,(818) 582-8709,PO Box 411913,Marketing Consultants,
Promotion La Digital Marketing Agency,,(310) 405-7598,10401 Santa Monica Blvd,Marketing Consultants,
Bullfrog Digital Marketing Agency & SEO Company,https://bullfrogagency.com,(323) 920-0350,11306 Moorpark St.,Internet Marketing & Advertising,"From Business: We help business owners reach more customers, achieve greater visibility online, and make more sales through our proven SEO services and digital marketing…"
#Smart Marketing,http://www.hashtag-smart.com,(323) 716-2021,555 W 5th St 35th Fl,Marketing Programs & ServicesMarketing ConsultantsAdvertising Agencies,"From Business: Our mission is to be the most ethical, transparent, and smartest marketing company there is. We make moments for marketing to happen, for information to happen,…"
Thrive Internet Marketing Agency,https://thriveagency.com/los-angeles-digital-marketing,(323) 431-9662,515 S Flower St 36th Fl,Marketing Programs & ServicesPublic Relations CounselorsMarketing Consultants,From Business: A full-service digital marketing agency that provides custom web development and online marketing to businesses that are looking to increase brand exposure or to…
Nine Eye Interactive Media,,(213) 673-1459,4470 W Sunset Blvd Ste 569,Marketing Programs & ServicesInternet Service Providers (ISP)Advertising Agencies,Our local business needed a an SEO. We really wanted to find the best in Los Angeles. I was referred to Nine Eye Interactive Media an SEO Company in Los Angeles. I thought…
Attorney Marketing Network,http://www.attorneymarketingnetwork.com,(877) 899-8480,555 W 5th St,Marketing Programs & ServicesAdvertising AgenciesMarketing Consultants,"From Business: At the Attorney Marketing Network, we provide solutions to your firm's personal marketing challenges."
Directive,https://directiveconsulting.com/locations/los-angeles,(213) 271-1517,555 W 5th St Ste 306,Marketing Programs & ServicesPublic Relations CounselorsMarketing Consultants,
Ideal Brand Marketing,http://www.idealbrandmarketing.com,(213) 627-8363,550 S Hill St,Marketing Programs & ServicesGraphic DesignersMarketing Consultants,
Web Design & Seo Marketing Agency Astash,,(213) 933-4024,445 S Figueroa St,Web Site Design & Services,
City View Marketing,http://www.cityviewmarketing.com,(323) 317-1628,752 S Main St,Marketing Programs & ServicesAdvertising Agencies,"From Business: The mission of CITY VIEW is to provide result-oriented advertising. We help our clients obtain measurable goals, which may include sales or awareness, but are…"
C W Talyor Marketing,https://cwtaylormarketing.com,(213) 568-3650,1333 Allesandro St,Marketing Programs & ServicesAdvertising AgenciesMarketing Consultants,
Vision film and television production,,(888) 839-5150,2404 Wilshire Blvd,Marketing Programs & ServicesPublicity ServiceCommercials-Radio & Television,
Agency Iviju,https://www.iviju.com,(323) 672-7659,999 N New Hampshire Ave,"Marketing Programs & ServicesProduct Design, Development & MarketingPublic Relations Counselors",From Business: Iviju provides complete web design services for clients. Software and e-commerce for your operations. Design and marketing for your growth. We building custom…
X Factor Direct Maketing,,(877) 388-0007,3171 Los Feliz Blvd,Marketing Programs & ServicesAdvertising AgenciesMarketing Consultants,
Markaryan Marketing-Advrtsmnt,,(323) 356-4444,5643 Carlton Way,Marketing Programs & ServicesAdvertising Agencies,
Goldfien Marketing Agency,,(323) 400-2576,2107 N Beachwood Dr Apt 207,Marketing Consultants,
Affinity Models and Talent Agency,http://www.affinitytalent.com,(323) 525-0577,5455 Wilshire Blvd Ste 1010,Marketing Programs & ServicesModeling AgenciesTalent Agencies,"From Business: AFFINITY Model and Talent Agency is a Los Angeles-based national and international Model & Talent company representing men, women, and children who appear in…"
Blanche Agency,https://blancheagency.com,(323) 931-1555,425 N Alta Vista Blvd,Marketing Programs & ServicesMarketing Consultants,
Molex Media,http://www.molexmedia.com,(818) 859-2314,7610 Beverly Blvd Unit 480061,Marketing Programs & ServicesAdvertising AgenciesGraphic Designers,
Imedia Marketing,,(310) 749-7491,6333 W 3rd St,Marketing Programs & ServicesAdvertising Agencies,
Verbatim Marketing Agency,http://www.verbatimagency.com,(323) 688-5507,6160 Orange St Apt 8,Advertising AgenciesInternet Marketing & AdvertisingWeb Site Design & Services,
Caro Marketing,,(323) 781-2276,7720 W Sunset Blvd,Marketing Programs & ServicesAdvertising AgenciesMarketing Consultants,
CXC | Marketing Agency,http://www.cxcma.com,(310) 776-6666,3213 De Witt Drive Suite B,Marketing Programs & ServicesMarketing ConsultantsAdvertising Specialties,
